school_emis_code,school_name,school_latitude,school_longitude
35210618,GGPS WARA SATAR SHAH,31.5859801,74.43021404
35210543,GGPS DEVSANI,31.47119673,74.5956915
35210206,GES NOOR PUR,31.43946561,74.5427586
35220597,GES CDG JAFARIA COLONY,31.53811001,74.28126116
35210405,GPS WARA SHADI,31.41471364,74.50718598
35210010,GHS DAR-UL-FURQAN BEGUM PURA,31.58042202,74.36193606
35220008,GHS RAIWIND ROAD LHR,31.26004636,74.2145884
35220139,GGHS KHARAK MULTAN ROAD,31.48669625,74.25471718
35210509,GGPS HARPAL KEY,31.4337463,74.42152024
35210120,GHS CHUNG KHURD,31.47938279,74.41343154
35210219,GPS LALLOH,31.49240483,74.58184903
35210645,GGCMES MANAWAN,31.58986839,74.47469747
35210889,GHS CDG RAILWAY PAKKAY QUARTERS MUGHAL PURA,31.56950464,74.3740433
35220602,GHS CDG CHOTA VILLAGE ISLAM PURA,31.63679514,74.27911841
35220176,GPS HAVELI ASLAM KHAN,31.2769903,74.2937855
35210214,GPS RAM PURA KHURD,31.43558747,74.60683624
35210479,GGPS FCC CAMPUS,31.52811266,74.34746269
35210728,GGPS PATTI KASHMIR,31.3431251,74.36553776
35220162,GPS ALI RAZA ABAD,31.43227482,74.23581465
35210837,GPS CDG JUNIOR MODEL CHANDIAN,31.56003082,74.42515279
35210884,GHS CDG NIM PIR SHALIMAR TOWN,31.5918638,74.3998738
35210323,GPS SULEMAN JUNIOR MODEL SAMAN ABAD,31.53336774,74.30512595
35220623,GGHS CDG NAIN SUKH SHAHDARA,31.60208811,74.2513169
35220099,GGHSS MANGA MANDI MULTAN ROAD,31.30797782,74.05384932
35220197,GPS MURIDWALI,31.4777607,74.2450484
35210811,GGHS CDG KOT LAKHPAT PEECO ROAD,31.46503624,74.33509008
35210733,GGPS GHANAKAR,31.39459397,74.38948855
35210100,GHS LAKHOKI,31.35374757,74.4692551
35210319,GPS NA REHMAN PURA,31.5296534,74.3158528
35220481,GMMS KAKEY ZAI LAHORE,31.50236295,74.26601012
35210295,GPS ENO BHATTI,31.64528982,74.37657874
35220057,GGHS MANDI RAIWIND,31.2426132,74.2234892
35220053,GHS MUSLIM MODEL URDU BAZAR LAHORE,31.57554388,74.30799901
35220333,GGPS HASHMI TAXALI GATE,31.5835305,74.306771
35210114,GES BAHARI COLONY GREEN TOWN LAHORE,31.43897485,74.30063602
35210913,GGHS CDG FATEH GARH MUGHAL PURA,31.56782666,74.40554685
35220558,GGPS CDG SHAD BAGH,31.595035,74.3373227
35210226,GPS SANKEA,31.57007079,74.58512116
35210551,GGPS PAKIZA GONDAL IQBAL TOWN LAHORE,31.514676,74.2999439
35220133,GGES JINNAH ISLAMIA SANAT NAGAR,31.5729019,74.29520714
35210893,GHS CDG GUJAR COLONY,31.5492988,74.40962104
35210274,GPS SHARIF PURA,31.60145243,74.41700516
35220640,GHS CDG BABU SABU KOT KAMBOH,31.5395323,74.269087
35210491,GGPS RAJA BHOLA,31.40114124,74.40863583
35220450,GGPS WARA SEYYDAN WALA,31.27430578,74.0648737
35220616,GES CDG NAULAKHA PARK,31.5843818,74.34149654
35210658,GGES TAQI PUR,31.57640307,74.52951654
35210133,GHS GAJU MATTA,31.3872018,74.35954361
35220054,GHS SHAHDARA,31.6228192,74.29210785
35210708,GGPS HAVELI HABEEB ULLAH,31.27357237,74.4250025
35220436,GGPS KANGA DA DERA,31.38789838,74.13895883
35210003,GGHSS SAMANABAD,31.5420405,74.3052204
35210352,GPS KULAKI,31.3661788,74.475055
35220199,GPS NAWAZISH ABAD RAIWIND ROAD,31.43156462,74.21030399
35210387,GPS JINDRA KALAN,31.49391881,74.45633473
35210612,GGPS MODERN BHOGIWAL BAGHBAN PURA,31.58583321,74.36730802
35210651,GGPS JHUGIAN MUHAMMAD BAKHSH,31.58584662,74.50808066
35210744,GPS KHURMANLIAN,31.48298474,74.59162795
35210897,GPS MC SITARA COLONY,31.4430459,74.35988073
35210217,GPS RAKH BEKHANTH,31.3861764,74.52333229
35210383,GPS GHOUSIA HUSNAIN ABAD,31.51380932,74.36088229
35220025,GHS ISLAMIA CHAH MIRAN,31.59115249,74.34170885
35210490,GGPS QILA JEWAN SINGH,31.53784635,74.5993963
35220493,GMMS SODIWAL PIND BAND ROAD LAHORE ,31.55181936,74.26190777
35220300,GGES JANJATTAY,31.35915805,74.24179045
35210617,GGES ASRAF DAROGAWALA,31.5594849,74.3101171
35210413,GPS LIDHER,31.45991138,74.43929004
35220609,GHS CDG SHAHDARA TOWN,31.6268939,74.3070724
35210537,GGPS MALYAN,31.38898979,74.46057606
35220225,GPS CHAH TAMBULI,31.30708267,74.10064029
35210297,GPS BHASEEN,31.63785922,74.50495807
35210292,GPS ECHO GIL OTHAR,31.67842516,74.50210839
35220280,GPS ABBAS NAGAR,31.63368525,74.28957517
35220265,GPS DAR-ULOOM AL-BAQUIAT,31.63153059,74.30501967
35220050,GHS SHAMKE BHATTIAN VILLAGE SHAMKE,31.33206678,74.11189307
35220175,GPS HAKIMAN WALA RAIWIND,31.24529526,74.20438905
35210773,GGHS CHUGHTAI GARHI SHAHU,31.56651385,74.34850532
35210132,GHS KACHA,31.38834966,74.32028219
35220539,GPS JUGGIAN KHANAKE P/O SUNDER,31.36666958,74.0675
35210526,GGPS PADRI,31.51038079,74.50047475
35210501,GGPS BARKA KALAN,31.46359204,74.52798064
35210240,GPS ASIL GURKE LHR CANTT,31.39561753,74.53458801
35210794,GMMS GHOUSIA MASJID WAHDAT COLONY LAHORE,31.51828341,74.30026101
35220179,GPS JAMAL PURA,31.2698162,74.2223459
35210428,GPS KAHNA KOHNA,31.35006553,74.3736757
35210402,GPS DOGRAI KHURD,31.52914208,74.44611744
35210038,GHSS ARIF MUSTAFA ABAD,31.5495742,74.3656424
35220271,GPS M.N ALI PURA BUND ROAD,31.6056,74.3009751
35210500,GGPS GHOWINDI BORDER,31.41187943,74.58463124
35220626,GGPS MC JUNIOR MODEL JAFRIA COLONY BUND ROAD,31.53813197,74.28102312
35210337,GPS BALHAR,31.40851988,74.39652172
35210832,GGPS CDG BEGUM PURA,31.5799673,74.36080744
35220159,GES MC MAZAR BABA REHMAT SHAH,31.24396211,74.20953129
35210654,GGPS BHAMMA NEAR WARA RAILWAY PHATAK,31.58515151,74.5257653
35210637,GGPS KOT WADAWA SINGH BADIAN ROAD,31.45272037,74.42012013
35210368,GPS REHNUMA ARIF ABAD,31.49283671,74.40655729
35210531,GGPS LALLOH,31.49282879,74.58199304
35210043,GHSS JALLO MORE LAHORE CANTT,31.5954649,74.5036222
35220544,GGES MC JUNIOR MODEL BHATI GATE,31.57861497,74.30881801
35220621,GHS CDG ISLAM NAGAR SHAHDARA,31.5634398,74.4093294
35220104,GES RAMKOT (SHEIKH DAKOT),31.3753131,74.1969726
35210118,GES KOREY WALTON,31.4889319,74.3719721
35210462,GGPS MUMTAZ NABI PURA GULBERG-III,31.52457667,74.3567625
35210730,GGPS THEH NASIB ABAD,31.35382408,74.37563946
35220642,GGPS KHAMBA,31.43628388,74.2542856
35210648,GGPS RAKH TARAH,31.55752568,74.44831694
35210080,GGHS SHALIMAR TOWN LAHORE,31.5885156,74.3950002
35210008,GHS SULEMANIA PUBLIC SAMANABAD,31.53322591,74.30527624
35220581,GGES CDG BEGUM KOT SHAHDARA,31.6084478,74.267587
35220234,GPS MANGA MANDI,31.30118365,74.06592563
35210714,GGPS KHALID ABAD,31.37629814,74.3676475
35210471,GGES DHALLA KOT LAKHPAT,31.46573412,74.33863227
35210339,GPS GHANAKKAR,31.39445286,74.38978376
35210009,GHS PAKISTAN MODEL REHMAN PURA,31.52249938,74.31798555
35220213,GES WARIS COLONY LAHORE,31.494883,74.2673167
35210665,GGPS ENO BHATTI,31.64538454,74.37698979
35220013,GHS JIA BAGGA,31.32828595,74.29180762
35220524,GMMS BILAL UR REHMAN,31.59855564,74.36183162
35220198,GPS NAWAN PIND,31.4686055,74.266433
35210371,GPS BUKSHISH PURA,31.45856088,74.41813018
35220095,GGHS SAEEDA ISLAMIA WASSAN PURA SCHEME NO 2. LHR CANTT.,31.59219726,74.34913488
35210288,GPS BHATTE SULTAN PURA,31.58063061,74.52178331
35210579,GGES CENRALMODEL CGE COLONY WAHDATROAD LAHORE,31.5102722,74.30607663
35220410,GGPS JAVED PARK,31.64927877,74.29547838
35210241,GPS PAK MASKEEN PURA,31.56752537,74.39345981
35210305,GPS SHAH SHAHEED,31.600487,74.48458342
35220485,GMMS JAMIA RAHIMIA MUSARRAT COLONY LAHORE,31.54569798,74.28600105
35210448,GPS NASIB ABAD,31.35385931,74.37567651
35220247,GPS MANAGA QILA SHER SINGH,31.31049934,74.05541983
35210196,GPS DARAS BARY MIAN,31.57555708,74.37855855
35210291,GPS CHAPPA,31.56156014,74.52515476
35210951,GGHS THEH PANJU KAHNA LAHORE CANTT,31.36788613,74.34663163
35220601,GHS CDG MASTER GHULAM MUHAMMAD JIA MUSA SHAHDARA,31.61978302,74.281866
35220242,GPS SAMADH,31.31627338,74.07950833
35220299,GGPS JAMALPURA RAIWIND,31.2786059,74.2227671
35210825,GGHS CDG ALLAMA IQBAL ROAD GHARI SHAHU,31.5560078,74.35552969
35210713,GGPS SHAHZADA,31.35324349,74.39967591
35210443,GPS SULTAN PURA,31.29243089,74.33689286
35210063,GGHS FATIMA 2-FANE ROAD LAHORE,31.5603446,74.31394874
35220589,GPS CDG SIDDIQUE PURA,31.60065493,74.3138215
35210169,GGES SALAMAT PURA,31.58516094,74.41185054
35210950,GGHS FAISAL TOWN LAHORE,31.47932977,74.30332334
35210473,GGES JEHANGIR PARK LAHORE CANTT,31.44276825,74.34522296
35210238,GPS RAKH BURJ,31.39069387,74.51664621
35210626,GGPS MODEL CHUNGI GUJJAR PURA,31.55438523,74.43209058
35210657,GGPS LAKHAN KAY SHARIF,31.60647985,74.51285868
35210232,GPS QILA JIWAN SINGH MINHALA / NARWAR,31.53661891,74.5982805
35220255,GPS NAUMANIA BUND ROAD,31.5474495,74.26577032
35210440,GPS LADHAKI BHULLAR,31.2964193,74.37883515
35210591,GGPS SOHARWARDIA,31.5792092,74.39600087
35210401,GPS MOTHA SINGH WALA,31.43951318,74.45075263
35220268,GPS ISLAMIA JIA MUSA,31.62013452,74.2816847
35210394,GPS KOTHA MALLIAN,31.39272405,74.45437881
35220430,GGPS BHAI KOT,31.2911717,74.1907353
35210630,"GGES DOGACH, BARKI ROAD LAHORE",31.54809713,74.41862823
35220563,GGPS CDG JUNIOR MODEL DATA NAGAR BADAMI BAGH,31.5984458,74.32009192
35210796,GGHS CDG GULSHAN PARK,31.5685475,74.3937986
35220414,GGPS MAJEED PARK SHAHDRA,31.63276504,74.30253125
35220225,GPS CHAH TAMBULI,31.30708267,74.10064029
35220239,GGPS NAHALA RAIWIND,31.27178568,74.17363208
35210909,GGHS CDG PUBLIC MODEL BLOCK-B GULBERG-II LHR,31.52110665,74.34271996
35210456,GPS NANGAR,31.40191833,74.30315201
35220241,GPS RANGEEL PUR P/O SUNDAR,31.36315731,74.10662103
35210488,GGPS MOTA SINGH,31.44225222,74.45280687
35210579,GGES CENRALMODEL CGE COLONY WAHDATROAD LAHORE,31.5102722,74.30607663
35210725,GGPS HAVELI TARKANA WALI,31.34185831,74.39546602
35210710,GGPS ATARI SAROBA,31.42985274,74.3677075
35210734,GGPS GAJU MATTA SHARQI,31.38508667,74.35906291
35210738,GGPS AHLO JHUGIAN,31.3744396,74.4104485
35210901,GHS CDG GULISTAN COLONY MUSTAFA ABAD,31.55282523,74.3675024
35210543,GGPS DEVSANI,31.47119673,74.5956915
35210205,GPS GHOWINDI,31.41198361,74.58429462
35220028,GHS TECHNICAL ISLAMIA MULTAN ROAD,31.53420492,74.28820289
35220217,GPS SULTAN PURA,31.4637576,74.2129727
35210797,GGES CDG BHAGBAN PURA BHOGIWAL,31.5843023,74.37169628
35210437,GPS JHADO,31.34542644,74.31131959
35220565,GGES CDG JUNIOR MODEL KHOKHAR PIND BADAMI BAGH,31.6076518,74.3312301
35210146,GGCMES GLOBE KEER KALAN,31.43803054,74.31417874
35220311,GGPS WATNA,31.2681083,74.2634373
35210222,GPS SOYIAN KALAN,31.50414733,74.55706551
35210289,GPS KAROWL WAR,31.63803403,74.37073354
35220509,GMMS ALI HAJVAIRY KOT BARKAT,31.6380771,74.2953713
35220586,GPS MC WEAVING FACTORY SHAHDARA,31.63665139,74.28404152
35220229,GES KAMAS,31.29894979,74.13456311
35220204,GPS SALAMAT PURA RAIWIND,31.25869642,74.2251588
35210822,GGHS CDG JUNIOR MODEL MIAN MIR SAHIB,31.54847092,74.35660106
35220210,GPS TAROGILL,31.3630905,74.20580107
35220046,GHS CHUNG MULTAN ROAD,31.43511415,74.17419065
35210688,GGPS BARHAMAN ABAD,31.55141355,74.48140064
35210605,GGES KHIZAR ABAD,31.5964176,74.3860475
35210160,GGES CHAUDRY COLONY KACHI ABADI,31.5420583,74.3130101
35210827,GGHS  MODEL QILA GUJAR SINGH,31.56715942,74.33125737
35220109,GES SUNDER LAHORE,31.35529194,74.12720027
35210445,GPS ASIL SULEMAN,31.3175898,74.35844307
35210143,GGHS GOPAL NAGAR,31.48912885,74.34383836
35210852,GPS MC KOTLI GHASI,31.58158862,74.43776697
35210079,GGHS ISLAMIA MUSTAFABAD,31.5553762,74.3620856
35210356,GPS THEH JHANB,31.2974921,74.4380362
35220118,GES MUNAWAR WASAN PURA,31.59107567,74.341921
35220127,GGES LADHE KAY NEEVAN,31.262773,74.3094809
35220523,GMMS KHOSHBOI PIR SHAHBAZ ROAD,31.60391377,74.35591836
35210763,GGPS MEHNDI PUR,31.32487301,74.42444494
35210372,GPS MANAWALA LHR CANTT,31.47064306,74.42022884
35220619,GHS MC JAHANGIR ABAD MISRI SHAH LAHORE,31.58606338,74.33592106
35210649,GGPS BHATTA,31.58051435,74.51919163
35210092,GGHS PILOT WAHDAT COLONY,31.51742951,74.30725152
35220269,GPS JADAH,31.63313162,74.31308851
35220449,GGPS WARA KUMHARAN,31.26201163,74.15172522
35210216,GPS GHANIA KA CANTT-II,31.46253785,74.60926658
35220543,GGHS CDG JIA MUSA SHAHDARA,31.6190408,74.28120953
35210314,GPS GURUMANGET,31.51502294,74.35738628
35220422,GGPS NAWAN QILA,31.30812659,74.05962059
35210795,GGES CDG JUNIOR MODEL SINGH PURA,31.58389163,74.36670947
35210659,GGPS CHAPPA,31.5637223,74.52980387
35220060,GGHS ASIFA NEW MODEL SAID MITHA,31.5849721,74.31028652
35220267,GES ISLAHI MODEL AZIZ COLONY YOUSAF PARK SHAHDARA,31.6221533,74.2709748
35220230,GPS KHALID ABAD,31.2984806,74.0694708
35220102,GES PAJIAN,31.303101,74.2247953
35210469,GGPS MOCHI PURA,31.46966,74.3179105
35210345,GPS ATTARI SAROBA,31.42647475,74.36408878
35220196,GPS MEHDI PUR NAWAZISH ABAD,31.43046035,74.19792895
35210020,GHS MUSLIM LAHORE CANTT,31.54458675,74.37681997
35210287,GPS CUSTOM COLONY WAHGA,31.60253311,74.55740724
35210019,GHS JUNIOR MODEL MODEL TOWN LAHORE,31.48383044,74.33125092
35210869,GPS MC MAKHDOOM ABAD CHUNGI AMERSIDHU,31.44268703,74.345273
35210880,GHS CDG AMER SIDHU,31.46889011,74.34584557
35210634,GGES GOHAWA,31.49327726,74.42637789
35210204,GPS THEH PURA,31.55577931,74.60015913
35210841,GES CDG MODEL NARGIS BLOCK IQBAL TOWN,31.5171364,74.2822467
35210431,GPS KASHMIR PATTI,31.34461739,74.3624287
35210121,GES ORDINANCE DEPOT,31.54280127,74.38278328
35210225,GPS LEELA PUR,31.57412147,74.56226279
35220037,GHS PUBLIC MODEL NAIN SUKH SHAHDARA,31.60159584,74.24658028
35210411,GPS DHALLA VIRK,31.393902,74.45049522
35220222,GPS BHAIKOT,31.2911734,74.1907361
35210647,GGPS DOGRAI KALAN,31.60132967,74.50050669
35210489,GGES NARWAR,31.56425916,74.5676972
35210174,GGHS MUHAMMAD PURA,31.45940117,74.36133357
35220148,GGES DHER SHAHDARA,31.63565013,74.3066958
35220103,GES RAIWIND TOWN,31.2411059,74.2047726
35220534,GPS NAHLA,31.27237841,74.17215896
35210823,GGHS CDG A/3 KABUTAR PURA GULBERG III LAHORE,31.5051501,74.35614668
35210438,GES SADHUKI,31.38958314,74.28013447
35220302,GGPS JODHO DHEER,31.2593955,74.2308044
35210073,GGHS MODEL QALANDER PURA,31.57445784,74.4334399
35220551,GGES CDG JUNIOR MODEL SADDIQUE PURA WAPDA COLONY,31.603321,74.3143575
35210499,GGPS DERA CHAHAL,31.44290894,74.47345535
35210878,GHS CDG TAKIA LEHRI SHAH,31.5320057,74.3119333
35210507,GGPS RAKH BAKHINTH,31.38832389,74.51532112
35220181,GPS CDG JIA BAGGA,31.32765004,74.29175637
35210133,GHS GAJU MATTA,31.3872018,74.35954361
35210865,GES CDGF AJODHIA PUR JOHAR TOWN,31.46122784,74.29366479
35210089,GGHS MUSLIM DRY PORT MUGHALPURA,31.55813588,74.37510604
35210007,GHS HUDIARA,31.44256528,74.57112707
35210286,GPS ABADI HAYAT SHAH,31.66175033,74.46252778
35220484,GMMS MOHAMMADIA RIZVIA AKRAM PARK SANDA KHURD LAHORE,31.5654035,74.2776724
35220312,GGES RASOOL PURA,31.3582829,74.28537223
35210005,GGHSS SINGH PURA,31.58266561,74.36673051
35210212,GPS RAKH HARDIT SINGH,31.43009267,74.61724154
35220565,GGES CDG JUNIOR MODEL KHOKHAR PIND BADAMI BAGH,31.6076518,74.3312301
35210130,GES RAKH CHANDRAI,31.42964839,74.32864901
35220641,GPS CHAH SADDAY WALA,31.27453742,74.1028578
35210233,GPS HAVELI BRAHMAN ABAD,31.50758286,74.57532414
35210289,GPS KAROWL WAR,31.63803403,74.37073354
35210035,GHS LAHORE CANTT,31.53146131,74.35981577
35220405,GGPS BARKAT TOWN SAGIAN SHAHDRA,31.58402197,74.25620053
35220227,GPS JHUGIAN CHUMBRAN,31.3598255,74.14666154
35220243,GES TALAB SARAY,31.26818268,74.10158132
35210314,GPS GURUMANGET,31.51502294,74.35738628
35220129,GGHS BHOBTIAN,31.40038696,74.22623489
35220003,GGHSS CHUNG MULTAN ROAD,31.4265557,74.1723841
35210524,GGPS DHOORI,31.54145229,74.49611457
35220276,GPS FAIZ-E-AM QAZAFI COLONY BADAMI BAGH,31.60557519,74.32028982
35210572,GGHS MODEL WAHDAT ROAD,31.5062835,74.3025072
35220257,GPS AWAMI MODEL SANAT NAGAR,31.57300706,74.2853268
35220048,GHSS MARAKA QUARTERS MULTAN ROAD,31.38492892,74.14963251
35220305,GGPS KINGRA,31.30907178,74.26471889
35210478,GGPS S-A MODEL BHABHARA,31.49052951,74.33993893
35220639,GHS CDG HANIF PARK,31.602853,74.3127313
35210002,GGHSS SHEIKH SARDAR MUHAMMAD GARHI SHAHU,31.55882345,74.34999654
35210081,GGHS MODEL SAMANABAD,31.53396151,74.30238348
35210737,GGPS THEH DIAL SINGH,31.27129664,74.4315719
35220396,GGPS NEW SHAD BAGH,31.5981603,74.3470796
35210785,GGHS SADHOKEY LAHORE CITY,31.39305292,74.27672463
35220282,GPS NAVEED JUNIOR MODEL AMIR ROAD,31.59882076,74.35226711
35220022,GHS COMMUNITY MOZANG BEGUM ROAD,31.56315723,74.31224336
35220438,GGPS KOT JAHAN KHAN,31.28184417,74.1125508
35220611,GHS CDG TEZAB AHATA,31.57939629,74.34513252
35210280,GPS KHAIRA,31.583934,74.49767562
35210196,GPS DARAS BARY MIAN,31.57555708,74.37855855
35210384,GPS LUCK LINE LHR,31.50122481,74.37114174
35210673,GGPS AWAN DHAI WALA,31.64661882,74.46158834
35210853,GPS MASJID TAJDAIN MUGHAL PURA,31.56090707,74.36058741
35210412,GPS GURUMANGAT NAU ABAD,31.39337876,74.40961174
35220178,GES JALYANA NIAZBAIG LAHORE,31.39141648,74.19576148
35210236,GPS NATHOKI,31.54914654,74.5250235
35210644,GGPS WARA ALLAH DAD,31.56590867,74.50901776
35220607,GHS CDG BEGUM KOT SHAHDARA,31.61081656,74.26272366
35220585,GES MC YOUSAF PARK,31.62269464,74.26702484
35220440,GGPS MANGA MORE,31.300817,74.0654855
35220102,GES PAJIAN,31.303101,74.2247953
35210759,GPS PUBLIC ISLAMIA LIAQAT ABAD KOT LAKHPAT,31.46580888,74.33430235
35210334,GPS BUDHWAR,31.33829147,74.45774314
35210177,GGHS PAF BASE IQBAL CAMP LAHORE,31.51593375,74.39661023
35220181,GPS CDG JIA BAGGA,31.32765004,74.29175637
35210782,GHS F.D. MODEL GARDEN TOWN,31.50198275,74.3307511
35220143,GGES KASHMIR BADAMI BAGH,31.5895569,74.3269123
35210484,GGES BAGRIAN LAHORE CANTT,31.42369686,74.29100982
35210361,GES MUFT PURA,31.45243749,74.35923642
35210638,GGPS MANAN WALA BADIAN ROAD,31.47208119,74.41981335
35210227,GPS KHARAK,31.56568693,74.59759042
35220006,GGHSS VICTORIA INSIDE MORI GATE LAHORE,31.57967352,74.31140031
35220161,GPS GHANG SHARIF,31.33135449,74.32226735
35210086,GGHS RAFIQ-E-NISWAN,31.55216562,74.3653609
35210545,GGPS JHUGIAN NOOR PUR ,31.42860233,74.53533685
35220637,GGHS CDG JUNIOR MODEL LOHARI GATE,31.57740718,74.31180951
35210407,GPS THATA KHURD,31.39756121,74.43167408
35220165,GES BADOOKI SANI,31.32263537,74.1827484
35210754,GES SUTAR MILLS,31.59328632,74.45425048
35210028,GHS NARWAR,31.56231594,74.56622156
35220027,GHS ISLAMIA MOHNI ROAD,31.5817211,74.30298071
35220005,"GGHSS SHAHDRA TOWN, LAHORE",31.62042352,74.3093107
35220158,GPS JINNAH ABADI (OLD CHAH JAWANA),31.2426132,74.2234892
35220244,GES WARA SIDHU,31.2794107,74.184501
35210039,GHS IQBAL GARHI SHAHU,31.56120961,74.34920487
35210743,GGPS BAO BHOLA LAHORE CANTT,31.3517497,74.4608958
35220128,GGHS NIAZ BAIG,31.4897384,74.2374901
35210397,GPS PHULARWAN LAHORE CANTT,31.53441845,74.45755002
35210218,GPS CHINKOWINDI,31.50239283,74.53824093
35210403,GPS DERA CHAHIL,31.44437707,74.47234374
35210571,GGHS MODEL WAHDAT COLONY,31.5112205,74.3028535
35220002,GGHSS AWAN TOWN,31.5041037,74.25812535
35210998,GGHS BARKAT MARKET GARDEN TOWN LHR,31.5013383,74.3191977
35210134,GES THEH PANJOO,31.36807887,74.34826543
35220019,GHS AWAN TOWN,31.50786974,74.26091493
35210854,GPS CDG AL-MADINA TOWN,31.57179914,74.43614289
35210237,GPS DHEERKAY LHR CANTT,31.48601837,74.5562528
35210179,GGES MURL MARI LAHORE CANTT,31.63835543,74.44685496
35220457,GMMS MASJID UMER KHATAB FAZAL COLONY,31.54721003,74.26567812
35210439,GPS RASOOL PURA,31.35902268,74.2837407
35210378,GPS DHER PINDI,31.52803986,74.42688189
35220406,GGPS BHUTTO COLONY,31.6371325,74.2876409
35220081,GGHS FOREMAN SHAHALAM MARKET,31.57956145,74.31741114
35220123,GGHS ARRAYIAN,31.33463455,74.23487026
35220328,GGPS JIA KA TIBBA,31.29461438,74.10691766
35210043,GHSS JALLO MORE LAHORE CANTT,31.5954649,74.5036222
35210215,GPS OPAL,31.45318603,74.60413191
35220514,GMMS PARACHA COLONY,31.63286834,74.29756053
35220416,GGPS MUSTFA ABAD SHAHDRA,31.61421559,74.30017359
35220434,GGPS JHUGIAN CHAMRAN,31.36004972,74.14656666
35220439,GGPS MAL LAHORE,31.31354994,74.15918536
35210167,GGES ABUAL KHAIR GHARI SHAHU,31.56336053,74.34406232
35210455,GPS TIBBA KACHHA,31.39531331,74.3255752
35220156,GGES MOHLANWAL KALAN,31.41110301,74.14237537
35210398,GPS BHANGALI,31.49655127,74.48555505
35210284,GPS GANJAY SINDHU,31.62673468,74.44779533
35210874,GGHS CDG BAJA LINE,31.56225161,74.31425158
35210549,GGPS KHAWATEEN MODEL BHAWALPUR HOUSE,31.54605605,74.31361673
35220167,GES MC BASTI AMIN PURA RAIWIND,31.24307983,74.22699389
35220186,GES KARYAL,31.31004544,74.26162433
35210304,GPS TULS PURA,31.58347283,74.46005956
35210422,GPS HASSAN ABAD,31.49413465,74.49688872
35220082,GGHS SODIWAL QUARTERS MULTAN ROAD LHR.,31.53845258,74.28763845
35210704,GGPS HAVELI MORAN WALI,31.27297696,74.41855456
35220547,GGES CDG JUNIOR MODEL CHAH MIRAN SULTAN PURA,31.58366724,74.34164959
35220123,GGHS ARRAYIAN,31.33463455,74.23487026
35220009,GHS SHAD BAGH,31.6029382,74.34223046
35210707,GGPS JATHOL LAHORE CANTT.,31.43804081,74.40266607
35210635,"GGPS SEHJPAL BHATTA CHOWK, BAIDIAN ROAD",31.50737721,74.4355725
35210259,GPS MOHALLAH QURESHAN USMAN ABAD,31.5750566,74.36856497
35210180,GGHS JALLO STATION,31.57630885,74.49649343
35210815,GGHS CDG JUNIOR MODEL DARAS BARAY MIAN MUGHALPURA,31.57168992,74.37581222
35220567,GGES CDG JUNIOR MODEL ISLAM NAGAR SHAHDARA,31.5634398,74.4093294
35210953,GGHS TAJ PURA SCHEME LAHORE CANTT,31.5563834,74.4024306
35210527,GGPS MINHALA KHURD,31.52795776,74.54462685
35220134,GGES K.M. ANDROON LOHARI GATE LAHORE,31.58059796,74.31155051
35210738,GGPS AHLO JHUGIAN,31.3744396,74.4104485
35220046,GHS CHUNG MULTAN ROAD,31.43511415,74.17419065
35210888,GHS CDG GUNJ MUGHAL PURA,31.5648125,74.3818812
35220603,GES MC BADAMI BAGH NO. 1,31.5990643,74.31997466
35210911,GGES CDG JUNIOR MODEL SHAH KAMAL PARK,31.52404895,74.31062364
35220037,GHS PUBLIC MODEL NAIN SUKH SHAHDARA,31.60159584,74.24658028
35220240,GPS QILA NAWAN,31.3079924,74.05908868
35220212,GPS TIBBA PAJIAN,31.303101,74.2247953
35210882,GHS CDG PINDI RAJPUTAN KOT LAKHPAT,31.46348089,74.32723615
35220613,GHS CDG SANDA KALAN,31.5572916,74.2817382
35210106,GHS JAHMAN,31.36161973,74.52205321
35210138,GGHS  R.A. BAZAR,31.5026608,74.38377217
35220252,GPS AWAN TOWN LAHORE,31.50145506,74.25910662
35210465,GGPS PINDI RAJPUTAN,31.4633226,74.32477229
35220094,GGHS NEW MODEL DEV SAMAJ ROAD,31.5711715,74.30041197
35220272,GPS MUHALLAH JALOTION BHATI GATE LAHORE,31.58086794,74.31021326
35210083,GGHSS PRACTISING TOWNSHIP,31.44913493,74.3052319
35210810,GHS CDG HARBANS PURA,31.57434317,74.42706428
35220089,GGHS MODEL ELAHI PARK WASSAN PURA LHR,31.58821908,74.33573331
35210539,GGPS SANKAY,31.57077965,74.58580295
35210809,GGES CDG NEELAM BLOCK IQBAL TOWN,31.521843,74.2992543
35210350,GPS DHELUM,31.39050486,74.3776362
35210660,GGES WAHGA,31.59435899,74.55563078
35210207,GPS GAGA,31.4475365,74.4618875
35220560,GGHS CDG JUNIOR MODEL MULTAN ROAD LHR.,31.54093747,74.29282978
35210128,GES RAJA BOLA,31.3993844,74.4119093
35220233,GPS MANGA HITHAR,31.34044801,74.05579073
35210281,GPS MANAWAN,31.58960251,74.48130316
35210301,GPS TAQI PUR,31.57647922,74.52919275
35210106,GHS JAHMAN,31.36161973,74.52205321
35220033,GHS MPE SHAHDRA,31.62417581,74.29724168
35220669,GPS MAHMOOD NAGAR ,31.23257673,74.19431945
35210155,GGES MALIK GARHI SHAHU LAHORE,31.55764642,74.34992739
35220261,GES GOWALMANDI,31.5725009,74.317065
35220374,GGPS THOKAR NIAZ BAIG,31.4885322,74.2345704
35210498,GGPS CLASS MARI,31.52167004,74.460825
35210251,GPS KHALID MODEL KOTLI PIR ABDUL,31.5799822,74.3911339
35210688,GGPS BARHAMAN ABAD,31.55141355,74.48140064
35210092,GGHS PILOT WAHDAT COLONY,31.51742951,74.30725152
35210503,GGPS BARKA KHURD,31.47583175,74.5315484
35220632,GGES CDG JUNIOR MODEL PEOPLES PARK,31.5670746,74.2919656
35210067,GGHS HAIR LAHORE CITY,31.40839243,74.48835603
35210175,GGES KHANAM HUSAINABAD,31.51512913,74.36031927
35220101,GES AMRATSER LINK RAVI ROAD,31.6039738,74.309085
35210231,GPS BHANI SINDHWAN,31.52835054,74.58232228
35220476,GMMS ABU TARB SHABLI TOWN BUND ROAD,31.55482432,74.27271062
35220183,GPS JANJATTY,31.3588638,74.24251766
35210072,"GGHS MODERN MUGHALPURA, SHALIMAR LINK ROAD",31.57881,74.3829695
35210510,GGCMS LEHNA SINGH,31.45846956,74.46139933
35220648,GPS CDG BADAMI BAGH NO. 2,31.59865589,74.33201275
35210984,GGPS ATTO ASAL,31.3083406,74.3965089
35220249,GPS JIA KA TIBBA,31.29472246,74.10695756
35210780,GGES BHASEEN,31.63733779,74.50433278
35210215,GPS OPAL,31.45318603,74.60413191
35220518,GMMS BAHAR E MADINA SHAHDARA,31.64143947,74.29035762
35210439,GPS RASOOL PURA,31.35902268,74.2837407
35220068,GGHS SHAMKE BHATTIAN,31.32918592,74.10095821
35220201,GPS RAIWIND VILLAGE,31.25525057,74.21772659
35210903,GGHS CDG GARHI SHAHU,31.56653849,74.34757727
35220073,GGHS ANJUMAN-E-ISLAMIA GOWALMANDI NEAR FOOD STREET,31.569047,74.3208717
35220049,GHS MOHLANWAL LAHORE,31.40778621,74.14002459
35210152,GGES BHANGALI,31.49133178,74.47750054
35220351,GGPS ALI GARH,31.4504274,74.2466355
35210285,GPS BHANO CHAK,31.59602301,74.56972511
35220625,GGPS MC JUNIOR MODEL NEW CHAUBURJI PARK,31.5511973,74.2947293
35220645,GPS HAVELI HARI KHAN,31.3032198,74.2248388
35210414,GPS NATHA SINGH WALA,31.45593651,74.43336655
35210419,GPS PADDRI,31.51048045,74.50048808
35210418,GPS BARKA KALAN,31.48884177,74.40237204
35210270,GPS LAKHAN KEY SHARIF,31.49279471,74.40164809
35220517,GMMS AL-KHAZAR MOHALLAH,31.6275505,74.3066617
35220170,GPS CHAK BOOTA LAHORE,31.3044855,74.33241357
35210355,GPS HAVELI HABIB ULLAH,31.273689,74.42513175
